city,neighbourhood,total_crimes,violent_pct,property_pct,avg_hour,night_pct,cluster,risk_level
Toronto,Agincourt North (129),1924,46.46569646569647,53.53430353430353,13.124220374220375,21.205821205821206,2,Low Risk
Toronto,Agincourt South-Malvern West (128),2864,52.86312849162012,47.13687150837989,11.938896648044693,28.666201117318437,0,High Risk
Toronto,Alderwood (20),1084,39.85239852398524,60.147601476014756,11.913284132841328,30.44280442804428,2,Low Risk
Toronto,Annex (95),5804,59.18332184700207,40.81667815299793,12.038077188146106,27.929014472777396,0,High Risk
Toronto,Avondale (153),867,59.515570934256054,40.484429065743946,12.03114186851211,26.75893886966551,0,High Risk
Toronto,Banbury-Don Mills (42),2320,45.60344827586207,54.39655172413793,12.940517241379311,22.112068965517242,2,Low Risk
Toronto,Bathurst Manor (34),1523,52.13394615889692,47.86605384110308,13.118844386080106,21.996060407091267,1,Medium Risk
Toronto,Bay-Cloverhill (169),2280,62.5438596491228,37.45614035087719,11.805263157894737,29.166666666666668,0,High Risk
Toronto,Bayview Village (52),1855,50.61994609164421,49.3800539083558,12.853908355795149,21.778975741239893,1,Medium Risk
Toronto,Bayview Woods-Steeles (49),882,45.23809523809524,54.761904761904766,13.329931972789115,19.160997732426306,2,Low Risk
Toronto,Bedford Park-Nortown (39),2347,25.181082232637408,74.81891776736259,12.384746484874308,31.78525777588411,2,Low Risk
Toronto,Beechborough-Greenbrook (112),1041,68.87608069164266,31.12391930835735,12.92507204610951,24.87992315081652,1,Medium Risk
Toronto,Bendale South (157),1067,67.47891283973757,32.52108716026242,12.607310215557638,25.023430178069354,1,Medium Risk
Toronto,Bendale-Glen Andrew (156),2999,65.75525175058353,34.244748249416475,13.972324108036013,15.67189063021007,1,Medium Risk
Toronto,Birchcliffe-Cliffside (122),2725,65.28440366972477,34.715596330275226,12.566605504587155,23.743119266055047,1,Medium Risk
Toronto,Black Creek (24),3467,71.61811364291894,28.381886357081047,13.19498125180271,21.228728006922413,1,Medium Risk
Toronto,Blake-Jones (69),954,67.19077568134172,32.80922431865828,12.125786163522013,27.882599580712785,0,High Risk
Toronto,Briar Hill-Belgravia (108),1746,57.56013745704467,42.439862542955325,12.400343642611684,27.20504009163803,0,High Risk
Toronto,Bridle Path-Sunnybrook-York Mills (41),1210,30.74380165289256,69.25619834710743,12.831404958677686,22.975206611570247,2,Low Risk
Toronto,Broadview North (57),955,67.22513089005236,32.774869109947645,12.523560209424083,25.445026178010473,1,Medium Risk
Toronto,Brookhaven-Amesbury (30),2116,59.35727788279773,40.64272211720227,12.789224952741021,24.149338374291116,1,Medium Risk
Toronto,Cabbagetown-South St.James Town (71),2193,63.748290013679885,36.25170998632011,12.311901504787961,25.85499316005472,0,High Risk
Toronto,Caledonia-Fairbank (109),903,69.32447397563676,30.67552602436323,12.267995570321151,28.68217054263566,0,High Risk
Toronto,Casa Loma (96),1090,50.825688073394495,49.174311926605505,13.041284403669724,21.834862385321102,1,Medium Risk
Toronto,Centennial Scarborough (133),845,54.082840236686394,45.917159763313606,12.427218934911243,24.733727810650887,1,Medium Risk
Toronto,Church-Wellesley (167),4789,75.29755690123199,24.702443098768008,11.894550010440593,28.774274378784714,0,High Risk
Toronto,Clairlea-Birchmount (120),4185,65.32855436081243,34.671445639187574,12.628434886499402,21.7921146953405,1,Medium Risk
Toronto,Clanton Park (33),2182,45.69202566452796,54.30797433547204,12.711274060494958,22.36480293308891,2,Low Risk
Toronto,Cliffcrest (123),2062,65.17943743937924,34.82056256062076,12.406401551891367,25.121241513094084,0,High Risk
Toronto,Corso Italia-Davenport (92),1719,66.55031995346131,33.44968004653869,12.310063990692264,29.668411867364746,0,High Risk
Toronto,Danforth (66),1672,68.24162679425837,31.758373205741623,12.614234449760765,24.10287081339713,1,Medium Risk
Toronto,Danforth East York (59),1229,58.0960130187144,41.9039869812856,12.655004068348251,23.596419853539462,1,Medium Risk
Toronto,Don Valley Village (47),2575,58.29126213592233,41.70873786407767,13.699805825242718,15.339805825242719,1,Medium Risk
Toronto,Dorset Park (126),3347,57.90259934269495,42.09740065730505,12.138034060352554,27.487302061547652,0,High Risk
Toronto,Dovercourt Village (172),1803,63.449805879090405,36.550194120909595,12.663338879645035,24.57016084303938,1,Medium Risk
Toronto,Downsview (155),2674,58.78833208676141,41.21166791323859,12.87397157816006,23.44801795063575,1,Medium Risk
Toronto,Downtown Yonge East (168),7484,76.46980224478888,23.530197755211116,12.589524318546232,24.98663816141101,0,High Risk
Toronto,Dufferin Grove (83),1686,66.90391459074732,33.096085409252666,12.625741399762752,23.54685646500593,1,Medium Risk
Toronto,East End-Danforth (62),3029,65.86332122812809,34.13667877187191,12.622317596566523,23.208979861340374,1,Medium Risk
Toronto,East L'Amoreaux (148),1483,58.79973027646662,41.20026972353338,13.076871207012811,21.375590020229264,1,Medium Risk
Toronto,East Willowdale (152),1544,42.29274611398964,57.70725388601037,12.957253886010363,25.32383419689119,2,Low Risk
Toronto,Edenbridge-Humber Valley (9),1281,31.693989071038253,68.30601092896174,12.933645589383294,26.229508196721312,2,Low Risk
Toronto,Eglinton East (138),2817,69.3645722399716,30.6354277600284,12.36954206602769,27.547035853745115,0,High Risk
Toronto,Elms-Old Rexdale (5),1229,60.53702196908055,39.46297803091945,13.913751017087062,19.202603742880388,1,Medium Risk
Toronto,Englemount-Lawrence (32),1905,58.63517060367454,41.36482939632546,12.987926509186352,23.412073490813647,1,Medium Risk
Toronto,Eringate-Centennial-West Deane (11),1448,44.33701657458563,55.66298342541437,13.158839779005525,24.723756906077348,2,Low Risk
Toronto,Etobicoke City Centre (159),4451,44.37205122444394,55.62794877555606,12.47854414738261,22.89373174567513,2,Low Risk
Toronto,Etobicoke West Mall (13),933,57.9849946409432,42.01500535905681,12.943193997856378,22.936763129689176,1,Medium Risk
Toronto,Fenside-Parkwoods (150),1736,65.38018433179722,34.61981566820276,13.255760368663594,19.5852534562212,1,Medium Risk
Toronto,Flemingdon Park (44),1826,76.56078860898138,23.43921139101862,13.195509309967141,20.31763417305586,1,Medium Risk
Toronto,Forest Hill North (102),1085,46.175115207373274,53.824884792626726,12.964976958525346,25.253456221198157,2,Low Risk
Toronto,Forest Hill South (101),1085,25.069124423963135,74.93087557603687,13.030414746543778,26.63594470046083,2,Low Risk
Toronto,Fort York-Liberty Village (163),2101,65.73060447405997,34.26939552594003,12.293193717277488,29.03379343169919,0,High Risk
Toronto,Glenfield-Jane Heights (25),4592,69.94773519163763,30.052264808362366,13.320121951219512,20.77526132404181,1,Medium Risk
Toronto,Golfdale-Cedarbrae-Woburn (141),2891,71.01349014181943,28.986509858180558,13.0622621930128,21.618817018332756,1,Medium Risk
Toronto,Greenwood-Coxwell (65),1793,63.190184049079754,36.809815950920246,12.259341885108757,28.332403792526488,0,High Risk
Toronto,Guildwood (140),619,67.20516962843296,32.794830371567045,12.360258481421647,21.809369951534734,1,Medium Risk
Toronto,Harbourfront-CityPlace (165),3209,69.33624181988158,30.663758180118418,12.02991586163914,29.66656279214709,0,High Risk
Toronto,Henry Farm (53),1444,58.51800554016621,41.48199445983379,12.996537396121884,21.46814404432133,1,Medium Risk
Toronto,High Park North (88),2096,65.36259541984732,34.63740458015267,12.726145038167939,20.658396946564885,1,Medium Risk
Toronto,High Park-Swansea (87),1794,53.67892976588629,46.32107023411371,12.345596432552954,28.037904124860646,0,High Risk
Toronto,Highland Creek (134),1079,53.38276181649676,46.61723818350325,13.28637627432808,21.316033364226136,1,Medium Risk
Toronto,Hillcrest Village (48),1374,51.382823871906844,48.617176128093156,13.166666666666666,19.723435225618633,1,Medium Risk
Toronto,Humber Bay Shores (161),1700,61.411764705882355,38.588235294117645,12.523529411764706,27.294117647058826,0,High Risk
Toronto,Humber Heights-Westmount (8),840,49.166666666666664,50.83333333333333,12.714285714285714,24.285714285714285,2,Low Risk
Toronto,Humber Summit (21),3212,44.64508094645081,55.35491905354919,12.389165628891655,27.73972602739726,2,Low Risk
Toronto,Humbermede (22),2565,55.633528265107216,44.366471734892784,13.069395711500974,22.49512670565302,1,Medium Risk
Toronto,Humewood-Cedarvale (106),1148,43.98954703832752,56.01045296167248,12.80836236933798,26.91637630662021,2,Low Risk
Toronto,Ionview (125),1287,74.9028749028749,25.097125097125094,12.432789432789432,25.64102564102564,0,High Risk
Toronto,Islington (158),2255,45.45454545454545,54.54545454545454,12.222616407982262,26.78492239467849,2,Low Risk
Toronto,Junction Area (90),2186,57.0448307410796,42.9551692589204,12.280420860018298,26.395242451967064,0,High Risk
Toronto,Junction-Wallace Emerson (171),2956,62.28010825439784,37.71989174560216,12.229025710419485,28.585926928281463,0,High Risk
Toronto,Keelesdale-Eglinton West (110),1280,64.0625,35.9375,12.5625,25.859375,1,Medium Risk
Toronto,Kennedy Park (124),3136,75.22321428571429,24.776785714285715,12.574936224489797,24.426020408163264,0,High Risk
Toronto,Kensington-Chinatown (78),6559,67.7542308278701,32.2457691721299,11.787162677237383,30.29425217258728,0,High Risk
Toronto,Kingsview Village-The Westway (6),2229,57.245401525347695,42.75459847465231,13.356662180349932,20.547330641543294,1,Medium Risk
Toronto,Kingsway South (15),985,39.49238578680203,60.50761421319797,12.891370558375634,27.20812182741117,2,Low Risk
Toronto,L'Amoreaux West (147),1717,62.95864880605707,37.04135119394292,13.185206755969714,20.55911473500291,1,Medium Risk
Toronto,Lambton Baby Point (114),535,58.13084112149532,41.86915887850468,12.745794392523365,25.794392523364486,1,Medium Risk
Toronto,Lansing-Westgate (38),1765,49.74504249291785,50.25495750708215,12.822096317280453,24.645892351274785,2,Low Risk
Toronto,Lawrence Park North (105),1053,37.03703703703704,62.96296296296296,12.982905982905983,26.305792972459642,2,Low Risk
Toronto,Lawrence Park South (103),1252,24.281150159744406,75.71884984025559,12.582268370607029,28.833865814696484,2,Low Risk
Toronto,Leaside-Bennington (56),1284,29.12772585669782,70.87227414330218,12.505451713395638,29.205607476635514,2,Low Risk
Toronto,Little Portugal (84),1775,61.859154929577464,38.140845070422536,11.672676056338029,32.732394366197184,0,High Risk
Toronto,Long Branch (19),1291,59.64368706429125,40.35631293570876,12.175058094500388,29.821843532145625,0,High Risk
Toronto,Malvern East (146),2329,70.84585659081151,29.154143409188492,12.772005152425933,24.860455130957494,1,Medium Risk
Toronto,Malvern West (145),1678,65.31585220500597,34.68414779499404,12.70679380214541,23.06317044100119,1,Medium Risk
Toronto,Maple Leaf (29),790,49.24050632911393,50.75949367088608,12.89873417721519,26.20253164556962,2,Low Risk
Toronto,Markland Wood (12),807,46.96406443618339,53.03593556381661,12.903345724907064,24.287484510532835,2,Low Risk
Toronto,Milliken (130),3066,33.46379647749511,66.53620352250489,12.934442270058709,25.048923679060664,2,Low Risk
Toronto,Mimico-Queensway (160),4539,80.52434456928839,19.475655430711612,12.97202026878167,13.064551663361973,1,Medium Risk
Toronto,Morningside (135),1777,73.77602701181767,26.223972988182332,12.723128868880135,24.198086662915024,1,Medium Risk
Toronto,Morningside Heights (144),2234,49.77618621307073,50.22381378692927,12.409131602506715,29.319606087735007,2,Low Risk
Toronto,Moss Park (73),8390,75.68533969010727,24.31466030989273,12.111442193087008,26.22169249106079,0,High Risk
Toronto,Mount Dennis (115),1599,67.60475297060663,32.39524702939337,12.649781113195747,25.70356472795497,1,Medium Risk
Toronto,Mount Olive-Silverstone-Jamestown (2),4009,71.38937390870541,28.610626091294588,13.650286854577201,18.134198054377652,1,Medium Risk
Toronto,Mount Pleasant East (99),1172,43.9419795221843,56.058020477815695,12.762798634812286,25.426621160409557,2,Low Risk
Toronto,New Toronto (18),1796,70.32293986636972,29.677060133630288,12.14142538975501,27.783964365256125,0,High Risk
Toronto,Newtonbrook East (50),1828,52.35229759299781,47.64770240700219,12.800875273522976,22.100656455142232,1,Medium Risk
Toronto,Newtonbrook West (36),3340,56.377245508982035,43.622754491017965,12.652694610778443,19.311377245508982,1,Medium Risk
Toronto,North Riverdale (68),1190,56.72268907563025,43.27731092436975,12.473949579831933,26.638655462184875,1,Medium Risk
Toronto,North St.James Town (74),3093,76.07500808276754,23.92499191723246,12.383769802780472,23.892660847074037,0,High Risk
Toronto,North Toronto (173),1510,65.69536423841059,34.3046357615894,11.805960264900662,29.5364238410596,0,High Risk
Toronto,O'Connor-Parkview (54),2037,65.68483063328424,34.31516936671576,11.976435935198822,28.865979381443296,0,High Risk
Toronto,Oakdale-Beverley Heights (154),4708,67.11979609175872,32.88020390824129,12.88678844519966,23.109600679694136,1,Medium Risk
Toronto,Oakridge (121),2551,74.08859270874167,25.91140729125833,12.251274010192082,26.46021168169345,0,High Risk
Toronto,Oakwood Village (107),2108,65.55977229601518,34.440227703984824,12.295066413662239,28.13092979127135,0,High Risk
Toronto,Old East York (58),871,64.40872560275545,35.59127439724455,12.626865671641792,25.143513203214695,1,Medium Risk
Toronto,Palmerston-Little Italy (80),1462,57.045143638850895,42.95485636114911,11.803693570451436,30.91655266757866,0,High Risk
Toronto,Parkwoods-O'Connor Hills (149),1204,51.91029900332226,48.08970099667774,13.061461794019934,20.764119601328904,1,Medium Risk
Toronto,Pelmo Park-Humberlea (23),1666,46.21848739495798,53.78151260504202,12.675870348139256,26.710684273709482,2,Low Risk
Toronto,Playter Estates-Danforth (67),1309,64.24751718869366,35.75248281130634,12.896103896103897,23.605805958747137,1,Medium Risk
Toronto,Pleasant View (46),930,52.25806451612903,47.74193548387097,13.051612903225806,23.548387096774192,1,Medium Risk
Toronto,Princess-Rosethorn (10),1013,31.19447186574531,68.80552813425469,12.94274432379072,24.383020730503453,2,Low Risk
Toronto,Regent Park (72),2051,76.15797172111165,23.842028278888346,12.28181374939054,24.76840565577767,0,High Risk
Toronto,Rexdale-Kipling (4),1449,55.41752933057281,44.582470669427195,13.174603174603174,22.981366459627328,1,Medium Risk
Toronto,Rockcliffe-Smythe (111),2530,63.91304347826087,36.08695652173913,12.942687747035572,23.47826086956522,1,Medium Risk
Toronto,Roncesvalles (86),2225,61.39325842696629,38.60674157303371,11.974831460674157,28.584269662921347,0,High Risk
Toronto,Rosedale-Moore Park (98),3315,56.10859728506787,43.89140271493213,13.101960784313725,21.930618401206637,1,Medium Risk
Toronto,Runnymede-Bloor West Village (89),988,51.11336032388664,48.88663967611336,12.482793522267206,28.13765182186235,2,Low Risk
Toronto,Rustic (28),1169,68.34901625320788,31.65098374679213,12.546621043627031,27.54491017964072,0,High Risk
Toronto,Scarborough Village (139),2274,70.36059806508355,29.63940193491645,12.922603342128408,24.05452946350044,1,Medium Risk
Toronto,South Eglinton-Davisville (174),1556,60.411311053984576,39.588688946015424,12.088046272493573,26.735218508997427,0,High Risk
Toronto,South Parkdale (85),3610,71.13573407202216,28.86426592797784,12.368975069252077,24.84764542936288,0,High Risk
Toronto,South Riverdale (70),4482,58.768406961178044,41.231593038821956,12.067380633645694,29.205711735832217,0,High Risk
Toronto,St Lawrence-East Bayfront-The Islands (166),4802,70.42898792169929,29.571012078300708,12.617451062057476,25.489379425239484,0,High Risk
Toronto,St.Andrew-Windfields (40),1958,36.414708886619,63.585291113381004,13.371807967313586,21.859039836567927,2,Low Risk
Toronto,Steeles (116),1242,38.486312399355874,61.51368760064412,13.049919484702093,21.4170692431562,2,Low Risk
Toronto,Stonegate-Queensway (16),2338,46.49272882805817,53.50727117194183,12.551753635585971,27.245508982035926,2,Low Risk
Toronto,Tam O'Shanter-Sullivan (118),2280,56.40350877192982,43.59649122807018,12.810964912280701,23.37719298245614,1,Medium Risk
Toronto,Taylor-Massey (61),1724,71.17169373549885,28.82830626450116,12.948375870069606,21.925754060324827,1,Medium Risk
Toronto,The Beaches (63),1948,55.85215605749486,44.14784394250513,12.690451745379876,26.642710472279262,1,Medium Risk
Toronto,Thistletown-Beaumond Heights (3),1244,54.18006430868167,45.81993569131833,13.053054662379422,24.839228295819936,1,Medium Risk
Toronto,Thorncliffe Park (55),1857,62.95099623047927,37.04900376952073,13.173397953688745,19.978459881529346,1,Medium Risk
Toronto,Trinity-Bellwoods (81),2371,58.45634753268663,41.54365246731337,11.2686630113876,34.078447912273305,0,High Risk
Toronto,University (79),2067,62.699564586357035,37.300435413642965,11.889211417513303,28.10836961780358,0,High Risk
Toronto,Victoria Village (43),1811,62.06515737161789,37.93484262838211,12.598564329099945,24.461623412479295,1,Medium Risk
Toronto,Wellington Place (164),6150,66.58536585365854,33.41463414634146,9.536260162601627,47.6260162601626,0,High Risk
Toronto,West Hill (136),5317,76.11435019747978,23.885649802520216,12.54147075418469,23.37784464923829,0,High Risk
Toronto,West Humber-Clairville (1),10032,33.61244019138756,66.38755980861244,12.338317384370017,28.080143540669855,2,Low Risk
Toronto,West Queen West (162),1656,63.40579710144928,36.594202898550726,11.641304347826088,29.589371980676326,0,High Risk
Toronto,West Rouge (143),1504,52.92553191489362,47.07446808510639,12.577127659574469,24.20212765957447,1,Medium Risk
Toronto,Westminster-Branson (35),1895,57.889182058047496,42.110817941952504,13.044327176781003,20.949868073878626,1,Medium Risk
Toronto,Weston (113),3325,65.77443609022556,34.225563909774436,12.476390977443609,27.12781954887218,0,High Risk
Toronto,Weston-Pelham Park (91),1424,70.2247191011236,29.775280898876407,12.844101123595506,25.140449438202246,1,Medium Risk
Toronto,Wexford/Maryvale (119),4518,56.17529880478087,43.82470119521912,12.63302346170872,24.19212040725985,1,Medium Risk
Toronto,Willowdale West (37),1648,63.10679611650486,36.89320388349515,12.64866504854369,24.75728155339806,1,Medium Risk
Toronto,Willowridge-Martingrove-Richview (7),2086,49.664429530201346,50.33557046979866,13.08437200383509,23.29817833173538,2,Low Risk
Toronto,Woburn North (142),3048,65.5511811023622,34.44881889763779,12.34219160104987,26.443569553805773,0,High Risk
Toronto,Woodbine Corridor (64),1362,66.59324522760646,33.40675477239354,11.885462555066079,28.634361233480178,0,High Risk
Toronto,Woodbine-Lumsden (60),604,65.06622516556291,34.93377483443709,12.990066225165563,21.52317880794702,1,Medium Risk
Toronto,Wychwood (94),1433,58.6880669923238,41.3119330076762,12.539427773900908,26.86671318911375,1,Medium Risk
Toronto,Yonge-Bay Corridor (170),6788,74.38126104890983,25.618738951090158,12.3939304655274,22.038892162639954,0,High Risk
Toronto,Yonge-Doris (151),1453,64.55609084652443,35.443909153475566,13.354439091534756,22.161046111493462,1,Medium Risk
Toronto,Yonge-Eglinton (100),1500,62.93333333333333,37.06666666666666,13.034666666666666,21.933333333333334,1,Medium Risk
Toronto,Yonge-St.Clair (97),825,45.33333333333333,54.666666666666664,12.241212121212122,28.121212121212118,2,Low Risk
Toronto,York University Heights (27),7142,55.32063847661719,44.6793615233828,12.267852142257071,26.54718566227947,0,High Risk
Toronto,Yorkdale-Glen Park (31),4015,51.108343711083435,48.891656288916565,13.17036114570361,21.56911581569116,1,Medium Risk
Vancouver,Arbutus Ridge,3073,3.9049788480312397,77.38366417181906,12.761145460462089,22.225837943377808,0,Medium Risk
Vancouver,Central Business District,102862,2.9913865178588788,78.4701833524528,12.85180144270965,19.789621045672842,2,High Risk
Vancouver,Dunbar-Southlands,3717,4.035512510088781,76.32499327414581,12.899919289749798,23.594296475652406,0,Medium Risk
Vancouver,Fairview,17890,3.655673560648407,81.45891559530463,12.85466741196199,19.032979318054778,0,Medium Risk
Vancouver,Grandview-Woodland,16931,8.22160533931841,71.70870001771897,12.083279192014647,26.696592050085645,0,Medium Risk
Vancouver,Hastings-Sunrise,10972,5.741888443310244,73.05869485964273,12.493528982865476,26.193948231862922,0,Medium Risk
Vancouver,Kensington-Cedar Cottage,14718,6.359559722788423,73.44747927707569,12.373488245685555,25.173257236037504,0,Medium Risk
Vancouver,Kerrisdale,4040,3.787128712871287,77.84653465346535,12.820544554455445,22.202970297029704,0,Medium Risk
Vancouver,Killarney,5329,7.599924939012947,72.5839744792644,12.124225933571026,27.397260273972602,0,Medium Risk
Vancouver,Kitsilano,14568,3.7342119714442616,80.18259198242724,13.085255354200989,21.444261394838,0,Medium Risk
Vancouver,Marpole,8513,5.697169035592623,74.29813226829555,12.414190062257724,24.397979560671914,0,Medium Risk
Vancouver,Mount Pleasant,22736,4.956896551724138,78.259148486981,12.752243138634764,21.39338494018297,0,Medium Risk
Vancouver,Musqueam,288,37.84722222222222,36.11111111111111,7.927083333333333,51.041666666666664,1,Low Risk
Vancouver,Oakridge,4324,5.087881591119333,79.25531914893617,12.430157261794635,22.47918593894542,0,Medium Risk
Vancouver,Renfrew-Collingwood,19490,4.710107747562853,80.4617752693689,13.319445869676757,18.122113904566444,0,Medium Risk
Vancouver,Riley Park,7751,4.425235453489872,78.33827893175074,12.756676557863502,23.906592697716427,0,Medium Risk
Vancouver,Shaughnessy,3282,4.296160877513711,75.28945764777575,12.330591102985984,25.472273004265695,0,Medium Risk
Vancouver,South Cambie,3491,4.325408192494987,80.69321111429389,12.728731022629619,21.99942709825265,0,Medium Risk
Vancouver,Stanley Park,1534,7.301173402868318,76.01043024771839,12.583441981747066,14.537157757496741,0,Medium Risk
Vancouver,Strathcona,22942,10.456804114724088,66.3106965390986,11.410557056926162,28.454363176706476,0,Medium Risk
Vancouver,Sunset,10398,6.155029813425659,73.42758222735142,12.702538949798038,22.9178688209271,0,Medium Risk
Vancouver,Victoria-Fraserview,5844,6.451060917180014,72.2621492128679,12.317761806981519,26.3347022587269,0,Medium Risk
Vancouver,West End,28263,7.578813289459719,77.83674769132789,12.429678378091499,24.250787248345894,0,Medium Risk
Vancouver,West Point Grey,3394,4.979375368296995,77.01826753093695,12.698880377136122,24.071891573364763,0,Medium Risk
